Santiago;3547550;1234;Santi1
Sophia;5462284;1234;Sophi5
Olivia;1265031;1234;Olivi0
﻿Galeria;3547550;1234;Galeria
Emily;2983913;1234;Emily8
Juan;6186657;1234;Juan4
Liam;8608736;1234;Liam3
Isabella;4077300;1234;Isabe2
Mia;2449046;1234;Mia4
Mateo;7732164;1234;Mateo6
Diego;3707760;1234;Diego6
