Santiago;3547550;1234;Santi1;;;;
Isabella;4077300;1234;Isabe2;;;;
Liam;8608736;1234;Liam3;;;;
Sophia;5462284;1234;Sophi5;;;;
Mateo;7732164;1234;Mateo6;;;;
Emily;2983913;1234;Emily8;;;;
Juan;6186657;1234;Juan4;;;;
Olivia;1265031;1234;Olivi0;;;;
Diego;3707760;1234;Diego6;;;;
Mia;2449046;1234;Mia4;;;;
;;;;;;;
;;;;;;;
